user,degree,betweenness,pagerank
[unknown],0.9921875,0.5247097132344117,0.04003618991933788
Frajer,0.55859375,0.046345309647122426,0.017670889666607306
SiphenPrax,0.4921875,0.021903888034285324,0.01650655686268196
backupsaway,0.4921875,0.021903888034285324,0.015928138910936144
ItsGotThatBang,0.4921875,0.021903888034285324,0.01559760932370284
Fxreverboy,0.41796875,0.030750720846079264,0.01077304908849207
visionaryredditor,0.32421875,0.007313554370368214,0.010351871536184571
[deleted],0.34765625,0.041430114850669525,0.010016886839866776
shabuluba,0.34375,0.008237088836830895,0.009599686734253484
stypop,0.33984375,0.0076054279499796875,0.009517535476985741
Xelthian,0.328125,0.007337176406452404,0.009381295578565875
AutoModerator,0.359375,0.027560930860157706,0.009148165162918283
cranberrylimeade420,0.328125,0.01574557251027838,0.00823587796190157
CoolViber,0.2890625,0.010019891638282099,0.007719636502180055
Able-Scene6741,0.2890625,0.013805725944566763,0.006846087765785127
valtierrezerik05,0.2890625,0.009058067987295925,0.006608526243449191
EJB515,0.2890625,0.009058067987295925,0.006525872135868601
gattigrat,0.2890625,0.009058067987295925,0.006525872135868601
FakeMonaLisa28,0.2421875,0.002191058612987679,0.006094334774495357
Hassaan18,0.22265625,0.004422829264281469,0.005977343830017112
2RINITY,0.2421875,0.002191058612987679,0.0059290216133473655
Astrid323,0.2421875,0.002191058612987679,0.0059290216133473655
Silly_Somewhere1791,0.22265625,0.004422829264281469,0.00572850453168916
Weird_Squirrel_8382,0.2109375,0.0016189704956372862,0.005705720095633072
cornbreadtogo,0.21875,0.0015366144647475744,0.005646167613837837
jugheadshat,0.21875,0.0015366144647475744,0.005646167613837837
emayzee,0.21875,0.0015366144647475744,0.005646167613837837
Roxieloxie,0.2109375,0.0016189704956372862,0.005457481082467136
Hailsabrina,0.19921875,0.0020084604015766913,0.005256484637009704
ChasesICantSend,0.21484375,0.00640180336096096,0.00522768077412439
TiberiusCornelius,0.1953125,0.0013249586572196869,0.005075547134451552
racloves,0.17578125,0.0010394532927285383,0.004954624100831305
droobidoobidoo,0.17578125,0.0010394532927285383,0.004871731696264165
fiNALLEYfamous,0.18359375,0.0011943678226430687,0.0047754336447071305
pianotat,0.1640625,0.0034553643354194815,0.004539361083804315
outsideeyess,0.16015625,0.0007959774940473471,0.004519030612626767
SensitiveGuest1234,0.140625,0.0005550547086056897,0.004270749274964695
nickl00,0.140625,0.0005550547086056897,0.004187683774856935
Soalai,0.13671875,0.0004491143048128346,0.004150459163194416
DSQ,0.15625,0.0,0.0039049132421319754
joshually,0.15625,0.0,0.0038220942347585766
impossiblefan,0.15625,0.0,0.0038220942347585766
Smaaaasher,0.15625,0.0,0.0038220942347585766
ANALOGPHENOMENA,0.15625,0.0,0.0038220942347585766
Imaginary_Command_87,0.15625,0.0,0.003822094234758576
WitchyKitteh,0.15625,0.0,0.003822094234758576
chrisdotworld,0.15625,0.0,0.003822094234758576
JessieJ577,0.140625,2.0192736185383236e-05,0.0037606567480957154
sleetx,0.140625,2.0192736185383236e-05,0.0037606567480957154
KristenR_Chamberlin,0.15625,0.0,0.003739264947320092
